{
  "url": "wheat.jpg",
  "res": [
    256,
    256,
    256
  ],
  "scale": [
    1,
    1,
    1
  ],
  "volume": {
    "translate": [
      -0.1299038105676656,
      0.18013328398716322,
      -1.4722431864335457
    ],
    "rotate": [
      0.404244989156723,
      -0.5654057264328003,
      -0.5842338800430298,
      -0.4188712239265442
    ],
    "colourmap": "Background=rgba(81,77,74,1)\n0.000000=rgba(0,0,0,0)\n0.190000=rgba(0,0,0,0)\n0.210000=rgba(100,50,30,1)\n0.600000=rgba(150,90,40,1)\n1.000000=rgba(255,255,255,0)",
    "properties": {
      "samples": 256,
      "isovalue": 0.694812836170853,
      "drawWalls": true,
      "isoalpha": 1,
      "isosmooth": 0.5045783843331688,
      "isocolour": [
        210,
        180.46299999999997,
        56.95000000000002
      ],
      "Zmin": 0,
      "Ymin": 0,
      "Xmin": 0,
      "Zmax": 1,
      "Ymax": 0.9723324001313833,
      "Xmax": 1,
      "density": 36.946396844005676,
      "brightness": -0.11780890196982163,
      "contrast": 1,
      "power": 1,
      "usecolourmap": true,
      "tricubicFilter": false,
      "lowPowerDevice": false,
      "axes": false,
      "border": false
    }
  },
  "slicer": {
    "properties": {
      "show": false,
      "X": 93,
      "Y": 111,
      "Z": 144,
      "brightness": 0,
      "contrast": 1,
      "power": 1,
      "usecolourmap": false,
      "layout": "x|y|z",
      "zoom": 0.6683351069050206
    }
  }
}
